Cancel_Bold_White-4f3fe8.svg	media/redball/cancel-bold-white.svg	201
Hamburger-Menu-White-339cdd.svg	media/redball/hamburger-menu-white.svg	201
Sites-Icon-4d7f1c.svg	media/redball/sites-icon.svg	201
hand-with-ball-75c11e.png	media/redball/hand-with-ball.png	201
hit-to-be-fit-403c8b.svg	media/redball/hit-to-be-fit.svg	201
host-homepage-d9112c.png	media/redball/host-homepage.png	201
host-play-bg-33c81e.jpg	media/redball/host-play-bg.jpg	201
host-red-ball-e309b8.jpg	media/redball/host-red-ball.jpg	201
icon-resources-5-788f05.svg	media/redball/icon-resources-5.svg	201
icon-resources-6-2c7bad.svg	media/redball/icon-resources-6.svg	201
in-the-wild-text-and-image-1856b0.png	media/redball/in-the-wild-text-and-image.png	201
man-430c35.png	media/redball/man.png	201
man-6f51c2.png	media/redball/man.png	200
on-the-court-5fd7d2.png	media/redball/on-the-court.png	201
play-homepage-dde55e.png	media/redball/play-homepage.png	201
rbt-favicon-180x180-d1914d.png	media/redball/rbt-favicon-180x180.png	201
rbt-host-v1-455e8d.jpeg	media/redball/rbt-host-v1.jpeg	201
rbt-play-v1-50b374.jpg	media/redball/rbt-play-v1.jpg	201
red-ball-logo-mob-c70708.png	media/redball/red-ball-logo-mob.png	201
red-ball-tennis-circle-5e1c21.svg	media/redball/red-ball-tennis-circle.svg	SKIP svg>40KB
red-ball-tennis-wbg-04927f.png	media/redball/red-ball-tennis-wbg.png	201
red-ball-tennis-wbg-d3a0ef.png	media/redball/red-ball-tennis-wbg.png	200
red-ball-tennis-wbg-d7e509.png	media/redball/red-ball-tennis-wbg.png	200
red-icons-01-66de25.png	media/redball/red-icons-01.png	201
red-icons-02-7dd0e7.png	media/redball/red-icons-02.png	201
red-icons-03-f424a0.png	media/redball/red-icons-03.png	201
red-tennis-ball-c7c254.svg	media/redball/red-tennis-ball.svg	201
redballtennis-side-1aeabc.jpg	media/redball/redballtennis-side.jpg	201
usta-header-logo-763a06.png	media/redball/usta-header-logo.png	201
vector-background-red-119880.svg	media/redball/vector-background-red.svg	201
red-ball-tennis-circle-5e1c21.svg	media/redball/red-ball-tennis-circle.png	201 (rasterized 480px — svg 122KB > 40KB limit)
